<?xml version="1.0" encoding="UTF-8"?>
<!DOCTYPE mapper PUBLIC "-//mybatis.org//DTD Mapper 3.0//EN" "http://mybatis.org/dtd/mybatis-3-mapper.dtd">
<mapper namespace="co.up.tune.emp.hr.mapper.HrMapper">
	<select id="empList" resultType="co.up.tune.emp.vo.EmpVO">
		select * from emp
		order by emp_no
	</select>
	
	<select id="empSelect" resultType="co.up.tune.emp.vo.EmpVO" parameterType="co.up.tune.emp.vo.EmpVO">
		select * from emp
		where emp_no = #{empNo}
	</select>
	
	<select resultType="co.up.tune.emp.vo.EmpVO" id="managerList">
		select * from emp
		where auth = 'ADMIN'
		or mng is not null
		order by emp_no
	</select>
	
	<update id="empUpdate" parameterType="co.up.tune.emp.vo.EmpVO">
		update emp
		<set>
			<if test="dept != null">dept = #{dept},</if>
			<if test="position != null">position = #{position},</if>
			<if test="zip != null">zip = #{zip},</if>
			<if test="addr != null">addr = #{addr},</if>
			<if test="hDate != null">h_date = #{hDate},</if>
			<if test="auth != null">auth = #{auth},</if>
			<if test="mng != null">mng = #{mng}</if>
		</set>
		where emp_no = #{empNo}
	</update>
	
	<update id="authUpdate" parameterType="co.up.tune.emp.vo.EmpVO">
		update emp
		<set>
			<if test="auth != null">auth = #{auth}</if>
		</set>
		where emp_no = #{empNo}
	</update>
</mapper>