<?xml version="1.0" encoding="UTF-8"?>
<!DOCTYPE mapper PUBLIC "-//mybatis.org//DTD Mapper 3.0//EN" "http://mybatis.org/dtd/mybatis-3-mapper.dtd">
<mapper
	namespace="co.up.tune.aprv.aprvAdmin.mapper.AprvAdminMapper">
 

	<select id="aprvListAll" resultType="co.up.tune.aprv.vo.AprvVO">
		SELECT APRV_NO,
		EMP_NO,
		TTL,
		DTTM,
		REQ_ST,
		DEADLINE,
		IMPTS,
		NM
		FROM APRV
		<if test="reqSt != null and reqSt != '' and reqSt != '전체' ">
			WHERE REQ_ST=#{reqSt}
		</if>
		ORDER BY APRV_NO DESC
	</select>


	<select id="aprvFormAll" resultType="co.up.tune.aprv.vo.FormVO">
		SELECT FORM_NO,
		TTL,
		FORM_CAT,
		EMP_NO,
		FORM_AUTH,
		NM
		FROM FORM
		<if test="formCat != null and formCat != '' 
			and formCat != '전체' and formCat != '개인'">
			WHERE FORM_CAT=#{formCat}
		</if>
		<if test="formCat == '개인'">
			WHERE FORM_AUTH= '개인'
		</if>
		ORDER BY
		FORM_NO DESC
	</select>


	<delete id="approvalAdminDel"
		parameterType="co.up.tune.aprv.vo.AprvVO">
		DELETE FROM APPROVAL
		WHERE APRV_NO = #{aprvNo}
	</delete>


	<delete id="aprvAdminDel"
		parameterType="co.up.tune.aprv.vo.AprvVO">
		DELETE FROM APRV
		WHERE APRV_NO = #{aprvNo}
	</delete>


	<update id="aprvAdReject"
		parameterType="co.up.tune.aprv.vo.ApprovalVO">
		UPDATE APPROVAL
		SET
		APRV_ST = '반려'
		WHERE APRV_NO = #{aprvNo}
	</update>


	<update id="reqAdReject"
		parameterType="co.up.tune.aprv.vo.ApprovalVO">
		UPDATE APRV
		<set>
			REQ_ST = '반려'
		</set>
		WHERE APRV_NO = #{aprvNo}
	</update>
	
	<update id="aprvAdOk"
		parameterType="co.up.tune.aprv.vo.ApprovalVO">
		UPDATE APPROVAL
		SET
		APRV_ST = '완료'
		WHERE APRV_NO = #{aprvNo}
	</update>


	<update id="reqAdOk"
		parameterType="co.up.tune.aprv.vo.ApprovalVO">
		UPDATE APRV
		<set>
			REQ_ST = '완료'
		</set>
		WHERE APRV_NO = #{aprvNo}
	</update>


</mapper>