<?xml version="1.0" encoding="UTF-8"?>
<!DOCTYPE mapper PUBLIC "-//mybatis.org//DTD Mapper 3.0//EN" "http://mybatis.org/dtd/mybatis-3-mapper.dtd">
<mapper namespace="co.up.tune.aprv.aprvReq.mapper.AprvReqMapper">

	<select id="aprvReqList"
		parameterType="co.up.tune.aprv.vo.AprvVO"
		resultType="co.up.tune.aprv.vo.AprvVO">
		SELECT APRV_NO,
		EMP_NO,
		TTL,
		DTTM,
		REQ_ST,
		DEADLINE,
		IMPTS,
		NM
		FROM APRV
		WHERE EMP_NO = #{empNo}
		<if test="reqSt != null and reqSt != '' and reqSt != '전체' ">
			AND REQ_ST=#{reqSt}
		</if>
		ORDER BY APRV_NO DESC
	</select>

	<insert id="aprvReqIn" parameterType="co.up.tune.aprv.vo.AprvVO">
		<selectKey keyProperty="aprvNo" order="BEFORE"
			resultType="int">
			SELECT NVL(MAX(APRV_NO),0)+1
			FROM APRV
		</selectKey>
		INSERT INTO APRV
		(APRV_NO,
		EMP_NO,
		TTL,
		DTTM,
		CNTN,
		REQ_ST,
		APRV_ETC,
		DEADLINE,
		IMPTS,
		F_NM,
		F_PATH,
		NM)
		VALUES
		(#{aprvNo},
		#{empNo},
		#{ttl},
		SYSDATE,
		#{cntn},
		'전송',
		#{aprvEtc},
		#{deadline},
		#{impts},
		#{fNm},
		#{fPath},
		#{nm})
	</insert>

	<select id="aprvSelect"
		parameterType="co.up.tune.aprv.vo.AprvVO"
		resultType="co.up.tune.aprv.vo.AprvVO">
		SELECT *
		FROM APRV
		WHERE APRV_NO = #{aprvNo}
	</select>

	<select id="formSelect"
		parameterType="co.up.tune.aprv.vo.FormVO"
		resultType="co.up.tune.aprv.vo.FormVO">
		SELECT *
		FROM FORM
		WHERE FORM_NO = #{formNo}
	</select>


	<select id="formList" parameterType="co.up.tune.aprv.vo.FormVO"
		resultType="co.up.tune.aprv.vo.FormVO">
		SELECT
		FORM_NO,
		TTL,
		FORM_CAT,
		EMP_NO,
		FORM_AUTH,
		NM
		FROM FORM
		WHERE
		<if test="formCat =='전체'">
			FORM_AUTH = '공개'
			OR EMP_NO = #{empNo}
		</if>
		<if
			test="formCat != null and formCat != '' and formCat != '전체' and formCat != '개인'">
			FORM_AUTH = '공개'
			AND FORM_CAT = #{formCat}

			OR EMP_NO= #{empNo}
			AND FORM_CAT = #{formCat}
		</if>
		<if test="formCat == '개인'">
			FORM_AUTH = '개인'
			AND EMP_NO = #{empNo}
		</if>

		ORDER BY
		FORM_NO DESC
	</select>

	<update id="formUp" parameterType="co.up.tune.aprv.vo.FormVO">
		UPDATE FORM
		<set>
			<if test="ttl != null and ttl != ''">
				TTL=#{ttl},
			</if>
			<if test="cntn != null and cntn != ''">
				CNTN=#{cntn},
			</if>
			<if test="formCat != null and formCat != '' ">
				FORM_CAT=#{formCat},
			</if>
			<if test="formAuth != null and formAuth != ''">
				FORM_AUTH=#{formAuth},
			</if>
			<if test="empNo != null and empNo != ''">
				EMP_NO=#{empNo},
			</if>
			<if test="nm != null and nm != ''">
				NM=#{nm}
			</if>
		</set>
		WHERE FORM_NO = #{formNo}

	</update>

	<insert id="formIn" parameterType="co.up.tune.aprv.vo.FormVO">
		<selectKey keyProperty="formNo" order="BEFORE"
			resultType="int">
			SELECT NVL(MAX(FORM_NO),0)+1
			FROM FORM
		</selectKey>
		INSERT INTO FORM
		(FORM_NO,
		TTL,
		CNTN,
		FORM_CAT,
		EMP_NO,
		FORM_AUTH,
		NM)
		VALUES
		(#{formNo},
		#{ttl},
		#{cntn},
		#{formCat},
		#{empNo},
		#{formAuth},
		#{nm})

	</insert>

	<delete id="formDel" parameterType="co.up.tune.aprv.vo.FormVO">
		DELETE FROM FORM
		WHERE FORM_NO
		= #{formNo}
	</delete>



</mapper>