<?xml version="1.0" encoding="UTF-8"?>
<!DOCTYPE mapper PUBLIC "-//mybatis.org//DTD Mapper 3.0//EN" "http://mybatis.org/dtd/mybatis-3-mapper.dtd">
<mapper namespace="co.up.tune.prj.propost.mapper.PropostMapper">
	
	
	<!-- 프로젝트 file 등록  -->
	<insert id="prjFileInsert" parameterType="co.up.tune.prj.vo.FilesVO">
		<selectKey keyProperty="atchNo" order="BEFORE" resultType="integer">
			select nvl(max(atch_no)+1, 1) 
			from files;
		</selectKey>
		INSERT INTO FILES
		VALUES (FNO_SEQ.NEXTVAL, #{fNm}, #{fPath}, #{fType}, #{atchNo}, #{fCat}, #{pNm}, #{empNo})
	</insert>
				  
	<select id="prjPostList" resultType="co.up.tune.prj.vo.PostVO">
		SELECT *
		FROM POST
		WHERE PRJ_NO = #{prjNo}
		ORDER BY POST_NO DESC
	</select>
	
	<insert id="prjPostInsert" parameterType="co.up.tune.prj.vo.PostVO">
		INSERT INTO POST
		VALUES (PNO_SEQ.NEXTVAL,#{empNo},#{wrtr},#{ttl},#{cntn},sysdate,#{atchNo},#{prjNo}) 
	</insert>
	
	<!-- 프로젝트 글 수정 -->
	<update id="prjPostUpdate">
		DECLARE
			V_FILE_NO	NUMBER(10);
		BEGIN
			UPDATE POST
			SET
				<if test="pvo.ttl != null">TTL=#{pvo.ttl},</if>
				<if test="pvo.cntn != null">CNTN=#{pvo.cntn}</if>
			WHERE POST_NO=#{pvo.postNo};
		
			SELECT FILE_NO 
			INTO V_FILE_NO
			FROM FILES
			WHERE ATCH_NO = (
			 		SELECT ATCH_NO FROM POST WHERE POST_NO=#{pvo.postNo}
				);
			 
			 <if test="fvo.fNm != null">
				 UPDATE FILES
				 SET
				 	F_NM=#{fvo.fNm}, F_PATH=#{fvo.fPath}, F_TYPE=#{fvo.fType}
				 WHERE FILE_NO = V_FILE_NO;
			 </if>
		END; 	
	</update> 
	
	<select id="prjPostSelect" resultType="co.up.tune.prj.vo.PostVO" parameterType="co.up.tune.prj.vo.PostVO">
		SELECT * 
		FROM POST
		WHERE POST_NO = #{postNo}
	</select>
	
	<!-- 댓 -->
	
	<select id="pjReplyList" parameterType="co.up.tune.com.vo.ReplyVO" resultType="co.up.tune.com.vo.ReplyVO">
		SELECT REPLY_NO, 
			   POST_NO, 
			   EMP_NO, 
			   WRTR,
			   CNTN, 
			   DTTM, 
			   REPLY_CAT 
		FROM REPLY
		WHERE POST_NO = #{postNo}
		ORDER BY REPLY_NO DESC
	</select>
	
	<select id="pjReplySelect" resultType="co.up.tune.com.vo.ReplyVO" parameterType="co.up.tune.com.vo.ReplyVO">
		SELECT * 
		FROM REPLY
		WHERE REPLY_NO = #{replyNo}
	</select>
	
	<insert id="pjReplyInsert" parameterType="co.up.tune.com.vo.ReplyVO">
		<!-- before:insert하기전에 -->
		<selectKey keyProperty="replyNo" order="BEFORE" resultType="int">
			SELECT 
			    CASE WHEN MAX(REPLY_NO) IS NULL THEN 1
			    ELSE MAX(REPLY_NO)+1 
			    END AS NO
			FROM REPLY
		</selectKey>
		INSERT INTO REPLY
		VALUES(#{replyNo}, #{postNo}, #{empNo}, #{wrtr}, #{cntn}, SYSDATE,'프로젝트글')
				
	</insert>
	
	<update id="pjReplyUpdate" parameterType="co.up.tune.com.vo.ReplyVO"> 
		<selectKey keyColumn="dttm" keyProperty="dttm" order="AFTER" resultType="date">  
			SELECT DTTM 
			FROM REPLY
			WHERE REPLY_NO = #{replyNo}
		</selectKey>
		UPDATE REPLY
		SET CNTN = #{cntn}, DTTM = SYSDATE
		WHERE REPLY_NO = #{replyNo}
	</update>
	
	<delete id="pjReplyDelete" parameterType="co.up.tune.com.vo.ReplyVO">
		DELETE FROM REPLY
		WHERE REPLY_NO = #{replyNo}
	</delete>
	
	<!-- 현지 수정 -->
	<select id="empList" resultType="co.up.tune.emp.vo.EmpVO">
		SELECT *
		FROM EMP
		where emp_no != #{empNo}
	</select>
	
	<!-- 프로젝트 일정 => 멤버 리스트 -->
	<select id="scheduleMemberList" resultType="co.up.tune.prj.vo.MemberVO">
		SELECT E.EMP_NO, E.NM, E.ID, E.DEPT, M.POST_NO
		FROM EMP E, (SELECT * 
		             FROM MEMBER 
		             WHERE POST_NO IN (
		             	SELECT POST_NO FROM SCHEDULE WHERE PRJ_NO=#{prjNo}
		             	)
		             )M
		WHERE E.EMP_NO = M.EMP_NO
		ORDER BY POST_NO
	</select>
	
	<!-- 프로젝트 전체 댓글 -->
	<select id="prjReplyList" resultType="co.up.tune.com.vo.ReplyVO">
		SELECT *
		FROM REPLY
		WHERE REPLY_CAT='프로젝트'
		ORDER BY REPLY_NO DESC
	</select>
	
	<!-- 해당 게시글에 파일정보 가져오기 -->
	<select id="prjPostFiles" resultType="co.up.tune.prj.vo.FilesVO">
		SELECT * 
		FROM FILES 
		WHERE ATCH_NO in(
			SELECT ATCH_NO FROM POST WHERE PRJ_NO=#{prjNo}
			)
	</select>
	
	<!-- 프로젝트 게시글 삭제 -->
	<delete id="postDelete">
		BEGIN
			<if test='type.equals("일정")'>
				DELETE FROM MEMBER 
				WHERE POST_NO = #{postNo};
				DELETE FROM SCHEDULE 
				WHERE POST_NO = #{postNo};
			</if>
			<if test='type.equals("글")'>
				DELETE FROM FILES 
				WHERE ATCH_NO = (
					SELECT ATCH_NO 
					FROM POST 
					WHERE POST_NO=#{postNo}
				);
				DELETE FROM POST 
				WHERE POST_NO = #{postNo};
			</if>
			<if test='type.equals("업무")'>
				DELETE FROM FILES 
				WHERE ATCH_NO = (
					SELECT ATCH_NO 
					FROM  BUSINESS
					WHERE POST_NO=#{postNo}
				);
				DELETE FROM BUSINESS 
				WHERE POST_NO = #{postNo};
			</if>
			<if test='type.equals("할일")'>
				DELETE FROM todoDetail
				WHERE post_no = #{postNo};
				DELETE FROM todo
				WHERE POST_NO = #{postNo};
			</if>
		END;
	</delete>
	
	<!-- 프로젝트 업무 리스트 -->
	<select id="businessList" resultType="co.up.tune.prj.vo.BusinessVO">
		SELECT *
		FROM BUSINESS
		WHERE PRJ_NO = #{prjNo}
		ORDER BY POST_NO DESC
	</select>
	
	<!-- 프로젝트 관리자 권한 체크 -->
	<select id="isAuth" parameterType="co.up.tune.prj.vo.TeamVO" resultType="integer">
		select count(*) from team where prj_no = #{prjNo} and emp_no = #{empNo}	and auth = '팀장'
	</select>
	
	<select id="projectSel" 
		parameterType="co.up.tune.prj.vo.ProjectVO" 
		resultType="co.up.tune.prj.vo.ProjectVO">
		SELECT *
		FROM PROJECT
		WHERE PRJ_NO = #{prjNo}
	</select>
	
	
</mapper>