<?xml version="1.0" encoding="UTF-8"?>
<!DOCTYPE mapper PUBLIC "-//mybatis.org//DTD Mapper 3.0//EN" "http://mybatis.org/dtd/mybatis-3-mapper.dtd">
<mapper namespace="co.up.tune.prj.todo.mapper.TodoMapper">
	<!-- ======할일======= -->
	<select id="todoList" resultType="co.up.tune.prj.vo.TodoVO">
		select	t.post_no,
				t.emp_no,
				t.ttl, 
				t.wrtr, 
				t.dttm, 
				t.prj_no,
			 	(nvl(round(
					(select count(*)*100
					from tododetail d
					where d.post_no = t.post_no
					and cmplt_yn = 'Y')
					/(select COUNT(*)
					from tododetail d
					where d.post_no = t.post_no)),0)
				) as percent
		from todo t
		where t.prj_no = #{prjNo}
		order by post_no desc
	</select>
	
	<select id="todoPercent" resultType="int">
		select (nvl(round(
					(select count(*)*100
					from tododetail d
					where d.post_no = #{postNo}
					and cmplt_yn = 'Y')
					/(select COUNT(*)
					from tododetail d
					where d.post_no = #{postNo})),0)
				) as percent
		from todo
		where post_no = #{postNo}
	</select>
	
	<select id="todoSelect" resultType="co.up.tune.prj.vo.TodoVO">
		select * from todo
		where post_no = #{postNo}
	</select>
	
	<insert id="todoInsert" parameterType="co.up.tune.prj.vo.TodoVO">
		<selectKey keyProperty="postNo" resultType="Integer" order="AFTER">
		SELECT PNO_SEQ.CURRVAL FROM DUAL
		</selectKey>
		INSERT INTO TODO
		VALUES (PNO_SEQ.NEXTVAL, #{empNo}, #{ttl}, #{wrtr}, sysdate, ${prjNo}, 0)
	</insert>
	
	<update id="todoUpdate" parameterType="co.up.tune.prj.vo.TodoVO">
		update todo
		<set>
			<if test="ttl != null">ttl = #{ttl},</if>
			<if test="dttm != sysdate">dttm = sysdate</if>
		</set>
		where post_no = #{postNo}
	</update>
	
	<delete id="todoDelete" parameterType="co.up.tune.prj.vo.TodoVO">
		delete from todo
		where post_no = #{postNo}
	</delete>
	
</mapper>