<?xml version="1.0" encoding="UTF-8"?>
<!DOCTYPE mapper PUBLIC "-//mybatis.org//DTD Mapper 3.0//EN" "http://mybatis.org/dtd/mybatis-3-mapper.dtd">
<mapper namespace="co.up.tune.prj.project.mapper.ProjectMapper">

	<!-- 새 프로젝트에서 입력한 사원들 정보 가져오기 -->
	<select id="teamList" parameterType="integer" resultType="co.up.tune.prj.vo.TeamVO">
		SELECT EMP_NO, NM, DEPT
		FROM EMP
		WHERE EMP_NO IN
		<foreach collection="teamEmpNo" item="no" index="index" separator="," open="(" close=")">
			#{no}
		</foreach>
	</select>

	<!-- 새 프로젝트 등록 (등록한 사람은 팀장을 등록) -->
	<insert id="newProjectInsert">
		<selectKey keyProperty="prjNo" order="BEFORE" resultType="int">
			SELECT 
			    CASE WHEN MAX(PRJ_NO) IS NULL THEN 1
			    ELSE MAX(PRJ_NO)+1 
			    END AS NO
			FROM PROJECT
		</selectKey>
		begin
			insert into project
			values(${prjNo}, #{vo.nm}, #{vo.cntn}, #{vo.prog}, #{vo.st}, SYSDATE, #{vo.sdt}, #{vo.edt});
			
			<foreach collection="teamList" item="list">
				insert into team
				values(#{list.empNo}, #{prjNo}, 
				<if test='#{list.empNo} != #{vo.LeaderEmpNo}'>
					'팀원', 
				</if>
				<if test='#{list.empNo} == #{vo.LeaderEmpNo}'>
					'팀장',
				</if>
					#{list.nm}, #{list.dept}
				);
			</foreach>
			
		end;
	</insert>
	
	<select id="myPost" parameterType="co.up.tune.prj.vo.PostVO"
		resultType="co.up.tune.prj.vo.PostVO">
		SELECT	p.POST_NO,
				p.TTL,
				j.NM
		FROM POST p, PROJECT j
		WHERE p.EMP_NO = #{empNo}
			AND p.PRJ_NO = j.PRJ_NO
		ORDER BY p.POST_NO DESC
	</select>
	
	<select id="myReply" parameterType="co.up.tune.com.vo.ReplyVO"
		resultType="co.up.tune.com.vo.ReplyVO">
		SELECT	CNTN
		FROM REPLY
		WHERE EMP_NO = #{empNo}
		ORDER BY POST_NO DESC
	</select>

</mapper>