<?xml version="1.0" encoding="UTF-8"?>
<!DOCTYPE mapper PUBLIC "-//mybatis.org//DTD Mapper 3.0//EN" "http://mybatis.org/dtd/mybatis-3-mapper.dtd">
<mapper namespace="co.up.tune.prj.business.mapper.BusinessMapper">

	<select id="businessList" resultType="co.up.tune.prj.vo.BusinessVO">
		select *
		from business
	</select>
	
	<!-- 업무 등록 -->
	<insert id="businessInsert" parameterType="co.up.tune.prj.vo.BusinessVO">
		<selectKey keyProperty="atchNo" order="BEFORE" resultType="INTEGER">
			SELECT 
			    CASE WHEN MAX(ATCH_NO)IS NULL THEN 1
			    ELSE MAX(ATCH_NO)+1
			    END AS ATCH_NO
			FROM FILES
		</selectKey>
		INSERT INTO BUSINESS
		VALUES (PNO_SEQ.NEXTVAL, #{bussTtl}, #{empNo}, #{wrtr}, #{st}, #{sdt}, #{edt}, 
					#{term}, #{cntn}, #{sub}, #{prog}, #{atchNo}, #{prjNo})
	</insert>
	
	<!-- 업무 상태 수정 -->
	<update id="busStUpdate" parameterType="co.up.tune.prj.vo.BusinessVO">
		UPDATE BUSINESS
		SET ST = #{st}
		WHERE POST_NO = #{postNo}
	</update>
	

</mapper>